{"cameraMode":{"drawMode":0,"name":"Shaded","section":"Shading Mode"},"sceneLighting":true,"audioPlay":false,"sceneViewState":{"showFog":true,"showMaterialUpdate":false,"showSkybox":true,"showFlares":true,"showImageEffects":true,"showParticleSystems":true},"in2DMode":false,"pivot":{"x":1.0741530656814576,"y":0.4960898160934448,"z":9.368047714233399},"rotation":{"x":-0.007804312277585268,"y":-0.03689384460449219,"z":0.0002880753600038588,"w":-0.9992886781692505},"size":19.538663864135743,"orthographic":false}